{
    "paidInFull": true,
    "customer": {
        "primaryPhone": "",
        "emailName": "",
        "lastName": "",
        "secondaryPhone": "",
        "password": "",
        "modifiedTime": "2018-07-27T22:33:58-04:00",
        "firstName": "",
        "id": "4D8F68DF-E526-4A4F-BC3B7CE52B1B98E2",
        "createdTime": "2018-07-27T22:33:58-04:00"
    },
    "total": 1090.00,
    "discount": 0.00,
    "subtotal": 1000.00,
    "shipping" : 30.00,
    "tax": 60.00,
    "fees": 0.00,
    "billingAddress": {
        "postalCode": "",
        "address2": "",
        "country": "",
        "address1": "",
        "modifiedTime": "2018-07-27T22:34:00-04:00",
        "id": "4D8F68DF-E526-4A4F-BC3B7CE52B1B98E2",
        "createdTime": "2018-07-27T22:34:00-04:00",
        "city": "",
        "province": ""
    },
    "shippingAddress": {
        "postalCode": "",
        "address2": "",
        "country": "",
        "address1": "",
        "modifiedTime": "2018-07-27T22:34:00-04:00",
        "id": "4D8F68DF-E526-4A4F-BC3B7CE52B1B98E2",
        "createdTime": "2018-07-27T22:34:00-04:00",
        "city": "",
        "province": ""
    },
    "items": {
        "results" : ["4D8F68DF-E526-4A4F-BC3B7CE52B1B98E2"],
        "resultsMap" : {
            "4D8F68DF-E526-4A4F-BC3B7CE52B1B98E2" : {
                "quantityCancelled": 0,
                "productSnapshot": "",
                "options": {},
                "quantityRefunded": 0,
                "originalCost": 800.00,
                "product": {
                    "hasOptions": "false",
                    "shortDescription": "",
                    "isActive": true,
                    "media": [],
                    "categories": [],
                    "requiredOptions": {},
                    "modifiedTime": "2018-07-27T22:35:45-04:00",
                    "name": "",
                    "id": "4D8F68DF-E526-4A4F-BC3B7CE52B1B98E2",
                    "createdTime": "2018-07-27T22:35:45-04:00",
                    "description": ""
                },
                "isVirtual": "false",
                "originalPrice": 1000.00,
                "quantityDownloaded": 1000.00,
                "modifiedTime": "2018-07-27T22:35:44-04:00",
                "id": "4D8F68DF-E526-4A4F-BC3B7CE52B1B98E2",
                "createdTime": "2018-07-27T22:35:44-04:00",
                "quantityOrdered": 1
            }
        }
    },
    "shipments": {
        "results" : [ "4D8F68DF-E526-4A4F-BC3B7CE52B1B98E2" ],
        "resultsMap" : {
            "4D8F68DF-E526-4A4F-BC3B7CE52B1B98E2" : {
                "modifiedTime": "2018-07-27T22:41:10-04:00",
                "id": "4D8F68DF-E526-4A4F-BC3B7CE52B1B98E2",
                "quantity": 1,
                "createdTime": "2018-07-27T22:41:10-04:00",
                "carrierReferenceNumber": "XYZYDY"
            }
        }
    },
    "payments" : {
        "results" : ["4D8F68DF-E526-4A4F-BC3B7CE52B1B98E2"],
        "resultsMap" : {
            "4D8F68DF-E526-4A4F-BC3B7CE52B1B98E2" : {
                "lastFour": "8976",
                "paymentMethod": "Visa",
                "modifiedTime": "2018-07-27T22:42:25-04:00",
                "id": "4D8F68DF-E526-4A4F-BC3B7CE52B1B98E2",
                "comment": "",
                "createdTime": "2018-07-27T22:42:25-04:00",
                "externalTransactionId": "XYID989899",
                "amount": 1090.00
            }
        }
    },
    "modifiedTime": "2018-07-27T22:33:57-04:00",
    "id": "4D8F68DF-E526-4A4F-BC3B7CE52B1B98E2",
    "createdTime": "2018-07-27T22:33:57-04:00",
    "approvaltime": "",
    "fulfilledTime": ""
}