{
    "hasOptions": "false",
    "shortDescription": "",
    "isActive": true,
    "media": {
        "results": ["4D8F68DF-E526-4A4F-BC3B7CE52B1B98E2"],
        "resultsMap": {
            "4D8F68DF-E526-4A4F-BC3B7CE52B1B98E2" : {
                "desigation" : "product-image",
                "title": "",
                "caption": "",
                "href" : "",
                "variations" : {
                    "thumbnail" : "",
                    "callout" : "",
                    "banner" : ""
                }
            }
        }
    },
    "categories": {
        "results": [
            "4D8F68DF-E526-4A4F-BC3B7CE52B1B98E2"
        ],
        "resultsMap": {
            "4D8F68DF-E526-4A4F-BC3B7CE52B1B98E2": {
                "modifiedTime": "2018-07-27T21:58:47-04:00",
                "name": "",
                "id": "4D8F68DF-E526-4A4F-BC3B7CE52B1B98E2",
                "createdTime": "2018-07-27T21:58:47-04:00",
                "description": ""
            }
        }
    },
    "requiredOptions": {},
    "name": "",
    "modifiedTime": "{ts '2018-07-27 21:43:43'}",
    "id": "4D8F68DF-E526-4A4F-BC3B7CE52B1B98E2",
    "createdTime": "2018-07-27T21:43:43-04:00",
    "skus": {
        "results": [
            "4D8F68DF-E526-4A4F-BC3B7CE52B1B98E2"
        ],
        "resultsMap": {
            "4D8F68DF-E526-4A4F-BC3B7CE52B1B98E2": {
                "packagingX": "",
                "condition": "New",
                "basePrice": "",
                "conditionDescription": "",
                "options": {},
                "discontinueOn": "",
                "onHand": 0,
                "isConsigned": "false",
                "subCondition": "",
                "isVirtual": "false",
                "packagingZ": "",
                "minimumPrice": "",
                "cost": "",
                "modifiedTime": "2018-07-27T21:59:42-04:00",
                "id": "4D8F68DF-E526-4A4F-BC3B7CE52B1B98E2",
                "packagingY": "",
                "createdTime": "2018-07-27T21:59:42-04:00",
                "MSRP": "",
                "packagedWeight": ""
            }
        }
    },
    "description": ""
}